<?xml version="1.0" encoding="UTF-8"?>
<project-private xmlns="http://www.netbeans.org/ns/project-private/1">
    <editor-bookmarks xmlns="http://www.netbeans.org/ns/editor-bookmarks/2" lastBookmarkId="0"/>
    <open-files xmlns="http://www.netbeans.org/ns/projectui-open-files/2">
        <group>
            <file>file:/C:/Users/pc/Documents/NetBeansProjects/JavaApplication2/src/GeometricShapeCalculatorpro.java</file>
            <file>file:/C:/Users/pc/Documents/NetBeansProjects/JavaApplication2/src/TemperatureConversionprogram.java</file>
            <file>file:/C:/Users/pc/Documents/NetBeansProjects/JavaApplication2/src/Concatenatinatingarraysprogram.java</file>
            <file>file:/C:/Users/pc/Documents/NetBeansProjects/JavaApplication2/src/rectangleprogram.java</file>
            <file>file:/C:/Users/pc/Documents/NetBeansProjects/JavaApplication2/src/MatrixMultiplicationprogram.java</file>
            <file>file:/C:/Users/pc/Documents/NetBeansProjects/JavaApplication2/src/Stringreversalprogram.java</file>
            <file>file:/C:/Users/pc/Documents/NetBeansProjects/JavaApplication2/src/RandomPasswordapp.java</file>
            <file>file:/C:/Users/pc/Documents/NetBeansProjects/JavaApplication2/src/ATMMANAGEMENTPROGRAM.java</file>
            <file>file:/C:/Users/pc/Documents/NetBeansProjects/JavaApplication2/src/Leapyearpro.java</file>
            <file>file:/C:/Users/pc/Documents/NetBeansProjects/JavaApplication2/src/EmployeeManagingprogram.java</file>
            <file>file:/C:/Users/pc/Documents/NetBeansProjects/JavaApplication2/src/SumOfDigitspro.java</file>
            <file>file:/C:/Users/pc/Documents/NetBeansProjects/JavaApplication2/src/LargestNumberamongthreeprogram.java</file>
            <file>file:/C:/Users/pc/Documents/NetBeansProjects/JavaApplication2/src/SUMBTNNUMBERSPROGRAM.java</file>
            <file>file:/C:/Users/pc/Documents/NetBeansProjects/JavaApplication2/src/LibrarySystemprogram.java</file>
            <file>file:/C:/Users/pc/Documents/NetBeansProjects/JavaApplication2/src/BubbleSortpro.java</file>
            <file>file:/C:/Users/pc/Documents/NetBeansProjects/JavaApplication2/src/arrayintersectionprogram.java</file>
            <file>file:/C:/Users/pc/Documents/NetBeansProjects/JavaApplication2/src/Matrixprogram.java</file>
            <file>file:/C:/Users/pc/Documents/NetBeansProjects/JavaApplication2/src/arrayintersection.java</file>
            <file>file:/C:/Users/pc/Documents/NetBeansProjects/JavaApplication2/src/StudentRecordsmanagement.java</file>
            <file>file:/C:/Users/pc/Documents/NetBeansProjects/JavaApplication2/src/Palindromepro.java</file>
        </group>
    </open-files>
</project-private>
